[{"id":"user-image-WhatsAppImage2025-05-14at5.21.01AM.jpeg","publicUrl":"np://user.desktop.nicepage.com/Site_2874426787/images/WhatsAppImage2025-05-14at5.21.01AM.jpeg","size":162864,"hash":"aJycF/WnUFW6wttwhjtS1WxUAR4=","fileName":"WhatsAppImage2025-05-14at5.21.01AM.jpeg","name":"WhatsAppImage2025-05-14at5.21.01AM","width":949,"height":1215,"thumbnail":{"url":"np://user.desktop.nicepage.com/Site_2874426787/images/thumbnails/WhatsAppImage2025-05-14at5.21.01AM.jpeg","width":195,"height":250},"folderId":null,"usages":["419924964","855007819"]},{"id":"user-image-3737372.png","publicUrl":"np://user.desktop.nicepage.com/Site_2874426787/images/3737372.png","size":4163,"hash":"kNWi2SXKdfwZO1GYD10JyNcSldI=","fileName":"3737372.png","name":"3737372","width":128,"height":128,"thumbnail":{"url":"np://user.desktop.nicepage.com/Site_2874426787/images/thumbnails/3737372.png","width":128,"height":128,"length":4163,"type":"png"},"folderId":null,"usages":["80028256","310611001"]},{"id":"user-image-photo-1439792675105-701e6a4ab6f0.jpeg","publicUrl":"np://user.desktop.nicepage.com/Site_2874426787/images/photo-1439792675105-701e6a4ab6f0.jpeg","size":16230,"hash":"6jjlZ0IMImV/fciQrp+bNaXhVlk=","fileName":"photo-1439792675105-701e6a4ab6f0.jpeg","name":"photo-1439792675105-701e6a4ab6f0","width":1080,"height":718,"thumbnail":{"url":"np://user.desktop.nicepage.com/Site_2874426787/images/thumbnails/photo-1439792675105-701e6a4ab6f0.jpeg","width":250,"height":166},"folderId":null,"usages":["419924964","855007819"]},{"id":"user-image-WhatsAppImage2025-05-13at10.46.06AM.jpeg","publicUrl":"np://user.desktop.nicepage.com/Site_2874426787/images/WhatsAppImage2025-05-13at10.46.06AM.jpeg","size":96778,"hash":"g3hWBSSr10Xt2YzGPLgeRrWtB28=","fileName":"WhatsAppImage2025-05-13at10.46.06AM.jpeg","name":"WhatsAppImage2025-05-13at10.46.06AM","width":1080,"height":1350,"thumbnail":{"url":"np://user.desktop.nicepage.com/Site_2874426787/images/thumbnails/WhatsAppImage2025-05-13at10.46.06AM.jpeg","width":200,"height":250},"folderId":null,"usages":["419924964","855007819"]},{"id":"user-image-WhatsAppImage2025-05-13at7.19.32AM.jpeg","publicUrl":"np://user.desktop.nicepage.com/Site_2874426787/images/WhatsAppImage2025-05-13at7.19.32AM.jpeg","size":139698,"hash":"cwU3269Hbt4KxL8whivUGguivnw=","fileName":"WhatsAppImage2025-05-13at7.19.32AM.jpeg","name":"WhatsAppImage2025-05-13at7.19.32AM","width":1200,"height":1600,"thumbnail":{"url":"np://user.desktop.nicepage.com/Site_2874426787/images/thumbnails/WhatsAppImage2025-05-13at7.19.32AM.jpeg","width":188,"height":250},"folderId":null,"usages":["419924964","855007819"]},{"id":"user-image-WhatsAppImage2025-05-10at6.50.42AM.jpeg","publicUrl":"np://user.desktop.nicepage.com/Site_2874426787/images/WhatsAppImage2025-05-10at6.50.42AM.jpeg","size":146994,"hash":"beeZWKykRuILUv/jdZkK7AKoj2o=","fileName":"WhatsAppImage2025-05-10at6.50.42AM.jpeg","name":"WhatsAppImage2025-05-10at6.50.42AM","width":1366,"height":2048,"thumbnail":{"url":"np://user.desktop.nicepage.com/Site_2874426787/images/thumbnails/WhatsAppImage2025-05-10at6.50.42AM.jpeg","width":167,"height":250},"folderId":null,"usages":["80028256"]},{"id":"user-image-WhatsAppImage2025-05-10at7.40.03AM.jpeg","publicUrl":"np://user.desktop.nicepage.com/Site_2874426787/images/WhatsAppImage2025-05-10at7.40.03AM.jpeg","size":101806,"hash":"WImCTtIy+viaN3AZST01u4kmptE=","fileName":"WhatsAppImage2025-05-10at7.40.03AM.jpeg","name":"WhatsAppImage2025-05-10at7.40.03AM","width":1024,"height":768,"thumbnail":{"url":"np://user.desktop.nicepage.com/Site_2874426787/images/thumbnails/WhatsAppImage2025-05-10at7.40.03AM.jpeg","width":250,"height":188},"folderId":null,"usages":["2464721922"]},{"id":"user-image-vlcsnap-2025-05-10-07h19m58s350.png","publicUrl":"np://user.desktop.nicepage.com/Site_2874426787/images/vlcsnap-2025-05-10-07h19m58s350.png","size":363326,"hash":"q+QTHKASPZfvFrI1enNg/uWvhkY=","fileName":"vlcsnap-2025-05-10-07h19m58s350.png","name":"vlcsnap-2025-05-10-07h19m58s350","width":480,"height":848,"thumbnail":{"url":"np://user.desktop.nicepage.com/Site_2874426787/images/thumbnails/vlcsnap-2025-05-10-07h19m58s350.png","width":142,"height":250},"folderId":null,"usages":["419924964"]},{"id":"user-image-d091d701-f041-4a5f-8ec0-b66edef367f8.jpg","publicUrl":"np://user.desktop.nicepage.com/Site_2874426787/images/d091d701-f041-4a5f-8ec0-b66edef367f8.jpg","size":353160,"hash":"jgOm0oZrt07y6mmDiqKqqKmQiYo=","fileName":"d091d701-f041-4a5f-8ec0-b66edef367f8.jpg","name":"d091d701-f041-4a5f-8ec0-b66edef367f8","width":1366,"height":2048,"thumbnail":{"url":"np://user.desktop.nicepage.com/Site_2874426787/images/thumbnails/d091d701-f041-4a5f-8ec0-b66edef367f8.jpg","width":167,"height":250},"folderId":null,"usages":["419924964"]},{"id":"user-image-977762ea-7fcb-4520-94ae-71fdc7d3443e.jpg","publicUrl":"np://user.desktop.nicepage.com/Site_2874426787/images/977762ea-7fcb-4520-94ae-71fdc7d3443e.jpg","size":340726,"hash":"lP9yU1DM5n8UxKboANZkoJwbIkU=","fileName":"977762ea-7fcb-4520-94ae-71fdc7d3443e.jpg","name":"977762ea-7fcb-4520-94ae-71fdc7d3443e","width":2048,"height":1366,"thumbnail":{"url":"np://user.desktop.nicepage.com/Site_2874426787/images/thumbnails/977762ea-7fcb-4520-94ae-71fdc7d3443e.jpg","width":250,"height":167},"folderId":null,"usages":["419924964","2464721922"]},{"id":"user-image-WhatsAppImage2025-05-10at5.57.52AM11.jpg","publicUrl":"np://user.desktop.nicepage.com/Site_2874426787/images/WhatsAppImage2025-05-10at5.57.52AM11.jpg","size":1086759,"hash":"N76ARMTfmHJgICGdzG9EmHUXeG8=","fileName":"WhatsAppImage2025-05-10at5.57.52AM11.jpg","name":"WhatsAppImage2025-05-10at5.57.52AM11","width":1080,"height":810,"thumbnail":{"url":"np://user.desktop.nicepage.com/Site_2874426787/images/thumbnails/WhatsAppImage2025-05-10at5.57.52AM11.jpg","width":250,"height":188},"folderId":null,"usages":["419924964"]},{"id":"user-image-4a56e7f6b83b46fefa4ba7a4d9b4185456f26bc59dd5b35fcda04987b5f2ee1fb59524531b4ef4a8cdcfc534754fd6e1baccfa83081987e0a6ed8d_1280.jpg","publicUrl":"np://user.desktop.nicepage.com/Site_2874426787/images/4a56e7f6b83b46fefa4ba7a4d9b4185456f26bc59dd5b35fcda04987b5f2ee1fb59524531b4ef4a8cdcfc534754fd6e1baccfa83081987e0a6ed8d_1280.jpg","size":176625,"hash":"RfmCxSEp8X3qmNuv5OSlnBOCUXw=","fileName":"4a56e7f6b83b46fefa4ba7a4d9b4185456f26bc59dd5b35fcda04987b5f2ee1fb59524531b4ef4a8cdcfc534754fd6e1baccfa83081987e0a6ed8d_1280.jpg","name":"4a56e7f6b83b46fefa4ba7a4d9b4185456f26bc59dd5b35fcda04987b5f2ee1fb59524531b4ef4a8cdcfc534754fd6e1baccfa83081987e0a6ed8d_1280","width":1280,"height":960,"thumbnail":{"url":"np://user.desktop.nicepage.com/Site_2874426787/images/thumbnails/4a56e7f6b83b46fefa4ba7a4d9b4185456f26bc59dd5b35fcda04987b5f2ee1fb59524531b4ef4a8cdcfc534754fd6e1baccfa83081987e0a6ed8d_1280.jpg","width":250,"height":188},"usages":["419924964"]},{"id":"user-image-ChatGPT_Image_Apr_22__2025__11_16_20_AM-removebg-preview.png","publicUrl":"np://user.desktop.nicepage.com/Site_2874426787/images/ChatGPT_Image_Apr_22__2025__11_16_20_AM-removebg-preview.png","size":199425,"hash":"EcCcdhfOwWTXcoVeNRdJaYg0jdg=","fileName":"ChatGPT_Image_Apr_22__2025__11_16_20_AM-removebg-preview.png","name":"ChatGPT_Image_Apr_22__2025__11_16_20_AM-removebg-preview","width":500,"height":500,"thumbnail":{"url":"np://user.desktop.nicepage.com/Site_2874426787/images/thumbnails/ChatGPT_Image_Apr_22__2025__11_16_20_AM-removebg-preview.png","width":250,"height":250},"usages":[]},{"id":"user-image-ChatGPT_Image_May_2__2025__12_30_19_PM-removebg-preview.png","publicUrl":"np://user.desktop.nicepage.com/Site_2874426787/images/ChatGPT_Image_May_2__2025__12_30_19_PM-removebg-preview.png","size":168319,"hash":"e1VhZ763e1xnDAg2H7lDqUJHRkY=","fileName":"ChatGPT_Image_May_2__2025__12_30_19_PM-removebg-preview.png","name":"ChatGPT_Image_May_2__2025__12_30_19_PM-removebg-preview","width":500,"height":500,"thumbnail":{"url":"np://user.desktop.nicepage.com/Site_2874426787/images/thumbnails/ChatGPT_Image_May_2__2025__12_30_19_PM-removebg-preview.png","width":250,"height":250},"usages":["419924964"]},{"id":"user-image-Shillonglead.jpg","publicUrl":"np://user.desktop.nicepage.com/Site_2874426787/images/Shillonglead.jpg","size":104377,"hash":"NFX4txR8Ac0QeMWoUuGkixyOWEc=","fileName":"Shillonglead.jpg","name":"Shillonglead","width":960,"height":540,"thumbnail":{"url":"np://user.desktop.nicepage.com/Site_2874426787/images/thumbnails/Shillonglead.jpg","width":250,"height":141},"usages":["419924964"]},{"id":"user-image-amit-ranjan-mhJODzwzCtg-unsplash.jpg","publicUrl":"np://user.desktop.nicepage.com/Site_2874426787/images/amit-ranjan-mhJODzwzCtg-unsplash.jpg","size":849926,"hash":"9d30jfvjmT5YPSK6d7jFGX51sM0=","fileName":"amit-ranjan-mhJODzwzCtg-unsplash.jpg","name":"amit-ranjan-mhJODzwzCtg-unsplash","width":1920,"height":1275,"thumbnail":{"url":"np://user.desktop.nicepage.com/Site_2874426787/images/thumbnails/amit-ranjan-mhJODzwzCtg-unsplash.jpg","width":250,"height":166},"usages":["419924964"]},{"id":"user-image-caption.jpg","publicUrl":"np://user.desktop.nicepage.com/Site_2874426787/images/caption.jpg","size":219845,"hash":"/NoOF6kRuDKIoXXFvwAHKxx6ZRs=","fileName":"caption.jpg","name":"caption","width":1200,"height":630,"thumbnail":{"url":"np://user.desktop.nicepage.com/Site_2874426787/images/thumbnails/caption.jpg","width":250,"height":131},"usages":["419924964"]},{"id":"user-image-double-decker-living-root-bridge-1-gaimg.jpg","publicUrl":"np://user.desktop.nicepage.com/Site_2874426787/images/double-decker-living-root-bridge-1-gaimg.jpg","size":129901,"hash":"/38v+CsljU3msSLt7Spf2fijy1Y=","fileName":"double-decker-living-root-bridge-1-gaimg.jpg","name":"double-decker-living-root-bridge-1-gaimg","width":975,"height":600,"thumbnail":{"url":"np://user.desktop.nicepage.com/Site_2874426787/images/thumbnails/double-decker-living-root-bridge-1-gaimg.jpg","width":250,"height":154},"usages":["419924964"]},{"id":"user-image-meghalaya-Tea-Garden-3.jpg","publicUrl":"np://user.desktop.nicepage.com/Site_2874426787/images/meghalaya-Tea-Garden-3.jpg","size":1075135,"hash":"roevQtnbipLrzqToQvUoKAHDyC0=","fileName":"meghalaya-Tea-Garden-3.jpg","name":"meghalaya-Tea-Garden-3","width":1080,"height":810,"thumbnail":{"url":"np://user.desktop.nicepage.com/Site_2874426787/images/thumbnails/meghalaya-Tea-Garden-3.jpg","width":250,"height":188},"usages":["419924964"]},{"id":"user-image-meghalaya_mawlyngbna_cycling_511a741653.jpg","publicUrl":"np://user.desktop.nicepage.com/Site_2874426787/images/meghalaya_mawlyngbna_cycling_511a741653.jpg","size":768488,"hash":"lFPj5orXbxsUa/TaZF5jyfOvxg0=","fileName":"meghalaya_mawlyngbna_cycling_511a741653.jpg","name":"meghalaya_mawlyngbna_cycling_511a741653","width":1500,"height":1000,"thumbnail":{"url":"np://user.desktop.nicepage.com/Site_2874426787/images/thumbnails/meghalaya_mawlyngbna_cycling_511a741653.jpg","width":250,"height":167},"usages":["419924964","855007819"]},{"id":"user-image-omkar-rane-LXQNriG0kJ8-unsplash.jpg","publicUrl":"np://user.desktop.nicepage.com/Site_2874426787/images/omkar-rane-LXQNriG0kJ8-unsplash.jpg","size":641497,"hash":"l01qim03/SHNZlWYwUoQ4/b9W8Y=","fileName":"omkar-rane-LXQNriG0kJ8-unsplash.jpg","name":"omkar-rane-LXQNriG0kJ8-unsplash","width":1920,"height":1280,"thumbnail":{"url":"np://user.desktop.nicepage.com/Site_2874426787/images/thumbnails/omkar-rane-LXQNriG0kJ8-unsplash.jpg","width":250,"height":167},"usages":["419924964"]}]