[{"id":3095507490,"title":"Blog Template","order":1,"templateKey":"blog","customTemplate":false,"customTemplateFilename":null,"pageLinks":[],"dateCreated":"2025-05-01T17:37:56.356Z","dateUpdated":"2025-05-01T17:37:56.358Z","folderId":null,"pageName":"Blog Template","serverPageId":null,"status":2,"backwardUrl":null},{"id":273584843,"title":"Post Template","order":2,"templateKey":"post","customTemplate":false,"customTemplateFilename":null,"pageLinks":[],"dateCreated":"2025-05-01T17:37:56.378Z","dateUpdated":"2025-05-01T17:37:56.380Z","folderId":null,"pageName":"Post Template","serverPageId":null,"status":2,"backwardUrl":null},{"id":884711851,"title":"Product List Template","order":3,"templateKey":"products","customTemplate":false,"customTemplateFilename":null,"pageLinks":[],"dateCreated":"2025-05-01T17:37:56.400Z","dateUpdated":"2025-05-01T17:37:56.402Z","folderId":null,"pageName":"Product List Template","serverPageId":null,"status":2,"backwardUrl":null},{"id":31817794,"title":"Product Details Template","order":4,"templateKey":"product","customTemplate":false,"customTemplateFilename":null,"pageLinks":[],"dateCreated":"2025-05-01T17:37:56.423Z","dateUpdated":"2025-05-01T17:37:56.425Z","folderId":null,"pageName":"Product Details Template","serverPageId":null,"status":2,"backwardUrl":null},{"id":896225032,"title":"Shopping Cart Template","order":5,"templateKey":"cart","customTemplate":false,"customTemplateFilename":null,"pageLinks":[],"dateCreated":"2025-05-01T17:37:56.444Z","dateUpdated":"2025-05-01T17:37:56.446Z","folderId":null,"pageName":"Shopping Cart Template","serverPageId":null,"status":2,"backwardUrl":null},{"id":12166940,"title":"Checkout Template","order":6,"templateKey":"checkout","customTemplate":false,"customTemplateFilename":null,"pageLinks":[],"dateCreated":"2025-05-01T17:37:56.463Z","dateUpdated":"2025-05-01T17:37:56.465Z","folderId":null,"pageName":"Checkout Template","serverPageId":null,"status":2,"backwardUrl":null},{"id":1633126443,"title":"Login Template","order":7,"templateKey":"login","customTemplate":false,"customTemplateFilename":null,"pageLinks":[],"dateCreated":"2025-05-01T17:37:56.484Z","dateUpdated":"2025-05-01T17:37:56.485Z","folderId":null,"pageName":"Login Template","serverPageId":null,"status":2,"backwardUrl":null},{"id":155146769,"title":"Search Page Template","order":8,"templateKey":"Search","customTemplate":false,"customTemplateFilename":null,"pageLinks":[],"dateCreated":"2025-05-09T04:53:20.885Z","dateUpdated":"2025-05-09T04:53:21.117Z","folderId":null,"pageName":"Search Page Template","serverPageId":null,"sectionCount":1,"status":2,"backwardUrl":null},{"id":177433498,"title":"Page Password Template","order":9,"templateKey":"password","customTemplate":false,"customTemplateFilename":null,"pageLinks":[],"dateCreated":"2025-05-01T17:37:56.511Z","dateUpdated":"2025-05-01T17:37:56.513Z","folderId":null,"pageName":"Page Password Template","serverPageId":null,"status":2,"backwardUrl":null},{"id":716610886,"title":"404 Not Found Template","order":10,"templateKey":"404","customTemplate":false,"customTemplateFilename":null,"pageLinks":[],"dateCreated":"2025-05-01T17:37:56.531Z","dateUpdated":"2025-05-01T17:37:56.533Z","folderId":null,"pageName":"404 Not Found Template","serverPageId":null,"status":2,"backwardUrl":null},{"id":960917722,"title":"Thank You Page Template","order":11,"templateKey":"ThankYou","customTemplate":false,"customTemplateFilename":null,"pageLinks":[],"dateCreated":"2025-05-09T04:53:21.036Z","dateUpdated":"2025-05-09T04:53:21.117Z","folderId":null,"pageName":"Thank You Page Template","serverPageId":null,"sectionCount":1,"status":2,"backwardUrl":null},{"id":419924964,"title":"Home","order":50,"templateKey":null,"customTemplate":false,"customTemplateFilename":null,"pageLinks":["2464721922","419924964"],"dateCreated":"2025-05-04T17:41:01.754Z","dateUpdated":"2025-05-18T13:42:57.795Z","folderId":null,"pageName":"Home_419924964","serverPageId":null,"sectionCount":7,"status":2,"backwardUrl":null},{"id":855007819,"title":"About","order":100,"templateKey":null,"customTemplate":false,"customTemplateFilename":null,"pageLinks":["419924964"],"dateCreated":"2025-05-01T17:37:56.552Z","dateUpdated":"2025-05-18T13:25:56.289Z","folderId":null,"pageName":"About_855007819","serverPageId":null,"sectionCount":1,"status":2,"backwardUrl":null},{"id":665230399,"title":"Contact","order":101,"templateKey":null,"customTemplate":false,"customTemplateFilename":null,"pageLinks":["419924964"],"dateCreated":"2025-05-01T17:37:56.572Z","dateUpdated":"2025-05-18T10:29:22.367Z","folderId":null,"pageName":"Contact_665230399","serverPageId":null,"sectionCount":1,"status":2,"backwardUrl":null},{"id":310611001,"title":"12 days Cultural Adventure","order":102,"templateKey":null,"customTemplate":false,"customTemplateFilename":null,"pageLinks":["419924964"],"dateCreated":"2025-05-10T11:52:59.584Z","dateUpdated":"2025-05-18T06:32:31.259Z","folderId":null,"pageName":"12 days Cultural Adventure_310611001","serverPageId":null,"sectionCount":15,"status":2,"backwardUrl":null},{"id":967511786,"title":"Page 1","order":103,"templateKey":null,"customTemplate":false,"customTemplateFilename":null,"pageLinks":[],"dateCreated":"2025-05-10T11:55:47.434Z","dateUpdated":"2025-05-10T11:55:47.434Z","folderId":null,"pageName":"Page 1_967511786","serverPageId":null,"sectionCount":1,"status":2,"backwardUrl":null},{"id":2464721922,"title":"Unlock The details","order":104,"templateKey":null,"customTemplate":false,"customTemplateFilename":null,"pageLinks":["80028256","310611001","419924964"],"dateCreated":"2025-05-10T11:56:48.493Z","dateUpdated":"2025-05-11T07:54:09.308Z","folderId":null,"pageName":"Unlock The details_2464721922","serverPageId":null,"sectionCount":1,"status":2,"backwardUrl":null},{"id":80028256,"title":"Yoga Retreat Page","order":105,"templateKey":null,"customTemplate":false,"customTemplateFilename":null,"pageLinks":["419924964"],"dateCreated":"2025-05-10T14:30:18.203Z","dateUpdated":"2025-05-18T06:34:31.380Z","folderId":null,"pageName":"Yoga Retreat Page_80028256","serverPageId":null,"sectionCount":11,"status":2,"backwardUrl":null}]